{"cameraMode":{"drawMode":0,"name":"Shaded","section":"Shading Mode"},"sceneLighting":false,"audioPlay":false,"sceneViewState":{"showFog":false,"showMaterialUpdate":false,"showSkybox":false,"showFlares":false,"showImageEffects":false,"showParticleSystems":true},"in2DMode":false,"pivot":{"x":8.646697044372559,"y":-6.974702835083008,"z":7.1021270751953129},"rotation":{"x":-0.29891467094421389,"y":-0.43765988945961,"z":0.15698623657226563,"w":-0.8333435654640198},"size":33.21025466918945,"orthographic":false}