{"cameraMode":{"drawMode":0,"name":"Shaded","section":"Shading Mode"},"sceneLighting":false,"audioPlay":false,"sceneViewState":{"showFog":false,"showMaterialUpdate":false,"showSkybox":false,"showFlares":false,"showImageEffects":false,"showParticleSystems":true},"in2DMode":false,"pivot":{"x":1.794921875,"y":-0.005615234375,"z":1.973236083984375},"rotation":{"x":0.18353316187858582,"y":-0.6346310377120972,"z":-0.15873894095420838,"w":-0.733744740486145},"size":1.6975840330123902,"orthographic":true}