{"cameraMode":{"drawMode":0,"name":"Shaded","section":"Shading Mode"},"sceneLighting":false,"audioPlay":false,"sceneViewState":{"showFog":false,"showMaterialUpdate":false,"showSkybox":false,"showFlares":false,"showImageEffects":false,"showParticleSystems":true},"in2DMode":false,"pivot":{"x":-69.85273742675781,"y":47.14054870605469,"z":41.42404556274414},"rotation":{"x":0.019866734743118287,"y":-0.9429393410682678,"z":-0.05721358209848404,"w":-0.3274165391921997},"size":25.077457427978517,"orthographic":false}