{"cameraMode":{"drawMode":0,"name":"Shaded","section":"Shading Mode"},"sceneLighting":false,"audioPlay":false,"sceneViewState":{"showFog":false,"showMaterialUpdate":false,"showSkybox":false,"showFlares":false,"showImageEffects":false,"showParticleSystems":true},"in2DMode":false,"pivot":{"x":-8.05540943145752,"y":-5.137828826904297,"z":-1.029921531677246},"rotation":{"x":0.4291793406009674,"y":-0.5595977306365967,"z":0.421018123626709,"w":0.5704671144485474},"size":9.081402778625489,"orthographic":false}