{"cameraMode":{"drawMode":0,"name":"Shaded","section":"Shading Mode"},"sceneLighting":false,"audioPlay":false,"sceneViewState":{"showFog":false,"showMaterialUpdate":false,"showSkybox":false,"showFlares":false,"showImageEffects":false,"showParticleSystems":true},"in2DMode":false,"pivot":{"x":-0.006060600280761719,"y":-1.839909553527832,"z":2.742720127105713},"rotation":{"x":0.13565480709075929,"y":-0.6592812538146973,"z":0.12262526154518128,"w":0.729324221611023},"size":9.953899383544922,"orthographic":false}