{"cameraMode":{"drawMode":0,"name":"Shaded","section":"Shading Mode"},"sceneLighting":false,"audioPlay":false,"sceneViewState":{"showFog":false,"showMaterialUpdate":false,"showSkybox":false,"showFlares":false,"showImageEffects":false,"showParticleSystems":true},"in2DMode":false,"pivot":{"x":-2.3823955059051515,"y":-0.7065167427062988,"z":100.00605010986328},"rotation":{"x":0.1629571169614792,"y":-0.20554642379283906,"z":0.03473324701189995,"w":0.9643614888191223},"size":9.964522361755371,"orthographic":false}