{"cameraMode":{"drawMode":0,"name":"Shaded","section":"Shading Mode"},"sceneLighting":false,"audioPlay":false,"sceneViewState":{"showFog":false,"showMaterialUpdate":false,"showSkybox":false,"showFlares":false,"showImageEffects":false,"showParticleSystems":true},"in2DMode":false,"pivot":{"x":-1.4289846420288087,"y":1.589900255203247,"z":8.012547492980957},"rotation":{"x":0.21584247052669526,"y":-0.08543959259986878,"z":0.01898069866001606,"w":0.9725391268730164},"size":8.573651313781739,"orthographic":false}