{"cameraMode":{"drawMode":0,"name":"Shaded","section":"Shading Mode"},"sceneLighting":false,"audioPlay":false,"sceneViewState":{"showFog":false,"showMaterialUpdate":false,"showSkybox":false,"showFlares":false,"showImageEffects":false,"showParticleSystems":true},"in2DMode":false,"pivot":{"x":2.704954147338867,"y":-7.842348098754883,"z":11.335418701171875},"rotation":{"x":0.303202360868454,"y":0.18706755340099336,"z":-0.06083128601312637,"w":0.9324032664299011},"size":25.944599151611329,"orthographic":false}