{"cameraMode":{"drawMode":0,"name":"Shaded","section":"Shading Mode"},"sceneLighting":false,"audioPlay":false,"sceneViewState":{"showFog":false,"showMaterialUpdate":false,"showSkybox":false,"showFlares":false,"showImageEffects":false,"showParticleSystems":true},"in2DMode":false,"pivot":{"x":0.1521167755126953,"y":1.9849472045898438,"z":0.3202652931213379},"rotation":{"x":0.05941610783338547,"y":0.5243870615959168,"z":-0.036709707230329517,"w":0.8486173152923584},"size":11.707344055175782,"orthographic":false}