{"cameraMode":{"drawMode":0,"name":"Shaded","section":"Shading Mode"},"sceneLighting":false,"audioPlay":false,"sceneViewState":{"showFog":false,"showMaterialUpdate":false,"showSkybox":false,"showFlares":false,"showImageEffects":false,"showParticleSystems":true},"in2DMode":false,"pivot":{"x":-28.662784576416017,"y":3.3172826766967775,"z":-72.86422729492188},"rotation":{"x":0.21481062471866609,"y":-0.2544024586677551,"z":0.058073561638593677,"w":0.9411604404449463},"size":22.0,"orthographic":false}