{"cameraMode":{"drawMode":0,"name":"Shaded","section":"Shading Mode"},"sceneLighting":false,"audioPlay":false,"sceneViewState":{"showFog":false,"showMaterialUpdate":false,"showSkybox":false,"showFlares":false,"showImageEffects":false,"showParticleSystems":true},"in2DMode":false,"pivot":{"x":0.0,"y":1.794055700302124,"z":-0.14616656303405763},"rotation":{"x":0.0682917982339859,"y":0.5906414985656738,"z":-0.050265755504369739,"w":0.8024696111679077},"size":14.391866683959961,"orthographic":false}