{"cameraMode":{"drawMode":0,"name":"Shaded","section":"Shading Mode"},"sceneLighting":false,"audioPlay":false,"sceneViewState":{"showFog":false,"showMaterialUpdate":false,"showSkybox":false,"showFlares":false,"showImageEffects":false,"showParticleSystems":true},"in2DMode":false,"pivot":{"x":3.4000425338745119,"y":-0.5283909440040588,"z":1.7767448425292969},"rotation":{"x":0.05522780865430832,"y":-0.746033251285553,"z":0.06236203387379646,"w":0.6606791019439697},"size":3.0001142024993898,"orthographic":false}