{"cameraMode":{"drawMode":0,"name":"Shaded","section":"Shading Mode"},"sceneLighting":false,"audioPlay":false,"sceneViewState":{"showFog":false,"showMaterialUpdate":false,"showSkybox":false,"showFlares":false,"showImageEffects":false,"showParticleSystems":true},"in2DMode":false,"pivot":{"x":3.365741729736328,"y":-6.338132858276367,"z":5.20975923538208},"rotation":{"x":0.2724774479866028,"y":0.6024656891822815,"z":-0.22986775636672975,"w":0.7141311764717102},"size":11.491527557373047,"orthographic":false}