{"cameraMode":{"drawMode":0,"name":"Shaded","section":"Shading Mode"},"sceneLighting":false,"audioPlay":false,"sceneViewState":{"showFog":false,"showMaterialUpdate":false,"showSkybox":false,"showFlares":false,"showImageEffects":false,"showParticleSystems":true},"in2DMode":false,"pivot":{"x":-0.6676559448242188,"y":-1.9589691162109376,"z":-6.596586227416992},"rotation":{"x":0.039477866142988208,"y":0.9597644209861755,"z":0.21512585878372193,"w":-0.17613600194454194},"size":336.8585510253906,"orthographic":false}