{"cameraMode":{"drawMode":0,"name":"Shaded","section":"Shading Mode"},"sceneLighting":false,"audioPlay":false,"sceneViewState":{"showFog":false,"showMaterialUpdate":false,"showSkybox":false,"showFlares":false,"showImageEffects":false,"showParticleSystems":true},"in2DMode":false,"pivot":{"x":4.353741645812988,"y":-0.9708161354064941,"z":3.2029404640197756},"rotation":{"x":0.053198155015707019,"y":0.9000872373580933,"z":-0.11483538895845413,"w":0.4169416129589081},"size":8.367837905883789,"orthographic":false}