{"cameraMode":{"drawMode":0,"name":"Shaded","section":"Shading Mode"},"sceneLighting":false,"audioPlay":false,"sceneViewState":{"showFog":false,"showMaterialUpdate":false,"showSkybox":false,"showFlares":false,"showImageEffects":false,"showParticleSystems":true},"in2DMode":false,"pivot":{"x":-1.8329999446868897,"y":-0.3169998526573181,"z":-3.0},"rotation":{"x":0.024342194199562074,"y":0.9679380059242249,"z":-0.10347515344619751,"w":0.2276679426431656},"size":4.011899471282959,"orthographic":false}