{"cameraMode":{"drawMode":0,"name":"Shaded","section":"Shading Mode"},"sceneLighting":true,"audioPlay":false,"sceneViewState":{"showFog":false,"showMaterialUpdate":false,"showSkybox":false,"showFlares":false,"showImageEffects":false,"showParticleSystems":true},"in2DMode":false,"pivot":{"x":101.11209106445313,"y":-46.71460723876953,"z":-11.431638717651368},"rotation":{"x":0.09822564572095871,"y":0.7214807271957398,"z":-0.10461738705635071,"w":0.6774012446403503},"size":308.9294738769531,"orthographic":false}