{"cameraMode":{"drawMode":0,"name":"Shaded","section":"Shading Mode"},"sceneLighting":false,"audioPlay":false,"sceneViewState":{"showFog":false,"showMaterialUpdate":false,"showSkybox":false,"showFlares":false,"showImageEffects":false,"showParticleSystems":true},"in2DMode":false,"pivot":{"x":3.0985186100006105,"y":-0.57829749584198,"z":1.9939072132110596},"rotation":{"x":-0.012193692848086357,"y":-0.7012627124786377,"z":0.7127063870429993,"w":-0.01200387068092823},"size":11.846543312072754,"orthographic":false}