{"cameraMode":{"drawMode":0,"name":"Shaded","section":"Shading Mode"},"sceneLighting":false,"audioPlay":false,"sceneViewState":{"showFog":false,"showMaterialUpdate":false,"showSkybox":false,"showFlares":false,"showImageEffects":false,"showParticleSystems":true},"in2DMode":false,"pivot":{"x":-4.754642963409424,"y":-2.324972152709961,"z":5.313598155975342},"rotation":{"x":0.1539764255285263,"y":-0.16807781159877778,"z":0.026589419692754747,"w":0.9733116030693054},"size":10.486917495727539,"orthographic":false}