{"cameraMode":{"drawMode":0,"name":"Shaded","section":"Shading Mode"},"sceneLighting":false,"audioPlay":false,"sceneViewState":{"showFog":false,"showMaterialUpdate":false,"showSkybox":false,"showFlares":false,"showImageEffects":false,"showParticleSystems":true},"in2DMode":false,"pivot":{"x":-4.957733631134033,"y":-11.518031120300293,"z":30.773080825805665},"rotation":{"x":0.48788750171661379,"y":-0.30563417077064516,"z":0.1873531937599182,"w":0.7959518432617188},"size":56.90707778930664,"orthographic":false}